Survey number,Survey Date,Insured name,Risk location,DIV,Sur.or,p,Report,Total,A+,A+d,A,Ad,B,Bd,C,Cd,stt,Clt. No,Po. No,Accumulate,Survey month,Survey year,renew date
VC - 220601 - 01,01/06/2022,"MUTO VIETNAM CO., LTD","MUTO VIETNAM CO., LTD, No 2 Road No 9A, Bien Hoa 2 IP, Bien Hoa, Dong Nai",VC,NTT,p,UW,3,,,2,,1,,,,n,10000081,20025794,DNBHMUTOVI,6,2022,31/12/2009
VH - 220803 - 01,03/08/2022,"HAL VIETNAM CO., LTD","HAL VIETNAM CO., LTD, Plot B19, Thang Long IP, Dong Anh, Ha Noi",VH,INT,p,RM,,,,,,,,,,,,,HNDATLIPHA,8,,31/12/2009
MN - 221207 - 01,07/12/2023,"TOYOPLAS AMNUFACTURING (BAC GIANG) CO., LTD.","Lot CN-04, Hoa Phu Industrial Zone, Hiep Hoa, Bac Giang",MN,TDH,n,UW,,,,,,,,,,,,,,,,31/12/2011
VH - 220215 - 01,15/02/2022,"OHARA PLASTICS VIETNAM CO., LTD.","OHARA PLASTICS VIETNAM CO., LTD., B11/B12, Thang Long IP, Dong Anh, Ha Noi",VH,TDH,p,UW,8,1,1,4,4,3,3,,,y,10000109,20003162,HNDATLIB11,2,2022,19/12/2012
VC - 220316 - 01,16/03/2022,"SHIRAI VIETNAM CO., LTD","SHIRAI VIETNAM CO., LTD, Plot 218, Amata IP, Long Binh Ward, Bien Hoa City, Dong Nai",VC,VKH,p,UW,4,,,,,2,,2,,n,10000915,20012516,DNLBBHA218,3,2022,03/12/2013
MS - 221018,18/10/2022,"CHEN TAI (VIET NAM) WOVEN TAPES ENTERPRISE CO.,LTD","CHEN TAI (VIET NAM) WOVEN TAPES, Lot H-1A-CN, Road N8, My Phuoc 1 IZ, Ben Cat, Binh Duong",MS,MCN,p,UW,7,,,1,,5,,1,,,10000568,20020209,BDBCMPCHEN,10,2022,31/12/2013
VH - 211229 - 01,29/12/2021,"NISSIN ELECTRIC VIETNAM CO. LTD.,","NISSIN ELECTRIC VIETNAM CO. LTD.,, No.7,TS11 Road,Tien Son IZ, Tu Son, Bac Ninh",VH,TDH,p,UW,2,,,1,1,1,1,,,y,10001847,20007610,BNTSTSIZNI,12,2021,24/12/2014
VC - 220106 - 01,06/01/2022,"TOYOTSU SAMCO MOTOR CO., LTD.","TOYOTSU SAMCO MOTOR COMPANY LIMITED, 264 Tran Hung Dao Street, District 1, HCMC",VC,VKH,u,UW,2,,,,,2,,,,n,10004289,20014576,SGD1THD264,1,2022,24/12/2014
VC - 221213,13/12/2022,EDJO COMPANY LIMITED,"EDJO COMPANY LIMITED, Lot I5, Road 04, Hai Son IP, Binh Tien 2, Duc Hue, Long An",VC,NNH,p,UW,4,3,,1,,,,,,,10016360,20039271,LADHHS04I5,,,31/12/2015
VC - 220927,27/09/2022,"DAIM VIET NAM CO., LTD","DAIM VIET NAM Co., Ltd, Lot C8, Rd N3, Nam Tan Uyen IP, Khanh Binh,T Uyen, Binh Duong",VC,NNH,p,RM,5,,,,,5,,,,n,10002486,20018648,BDTUKBDAIM,9,2022,31/12/2016
VC - 221012 - 02,12/10/2022,"TOYOTA TSUSHO VIETNAM CO.,LTD(HOCHIMINH BRANCH)","ICD TAN CANG - LONG BINH WAREHOUSE -No.6/9A/15, G243 Bui Van Hoa Street, Long Binh, Bien Hoa, Dong Nai",VC,MCN,p,UW,,,,,,,,,,,10000165,20035565,DNBHICDLB4,10,2022,31/12/2017
NA,06/01/2022,"KAI SHUN CO., LTD","Lot No. 211, Map No. 52, Binh Co Hamlet, Binh My Commune, Bac Tan Uyen District, Binh Duong Province, Vietnam",MS,VKH,u,,11,,,5,,5,,1,,n,,,,1,2022,31/12/2018
MS - 220622 - 01,22/06/2022,"FOOTGEARMEX FOOTWEAR CO., LTD(TY HUNG)","Footgearmex Footwear Co., Ltd., 162A Ho Hoc Lam, An Lac, Binh Tan, HCMC",MS,VKH,p,UW,,,,,,,,,,,10000711,20047897,SGBTALFOOT,6,2022,31/12/2019
VH - 221115 - 01,15/11/2022,FUJIKURA COMPOSITES HAIPHONG INC.,"FURIKURA COMPOSITES HAIPHONG INC, Plot D3-6, Nomura IZ, An Duong, Hai Phong",VH,NTT,p,UW,9,,,7,,2,,,,n,10000154,20000359,HPADNOMURA,,,07/12/2021
MS - 221019 - 02,19/10/2022,"GOLDEN VIETNAMTEX CO., LTD","	Lot B7_A13_CN, N14 Street, Bau Bang IP, Lai Uyen, Bau Bang, Binh Duong, Viet Nam.",MS,MCN,n,UW,6,,,,,4,,2,,,,,,10,2022,10/12/2021
VC - 220225 - 01,25/02/2022,MARUICHI SUN STEEL JOINT STOCKCOMPANY,"MARUICHI SUN STEEL JOINT STOCK COMPANY- RIGHT SIDE, 743 lot A, Dong An, Tan Dong Hiep, Di An,, Binh Duong",VC,VKH,p,UW,2,,,1,,1,,,,n,10000172,20019830,BDDATDHDAR,2,2022,11/12/2021
VH - 221007,07/10/2022,"MITSUI & CO. COFFEE TRADING (USA), INC.","CWT Commodity Logistics, Street No. 5, An Phuoc IP, Long Thanh Dist, Dong Nai",VH,MCN,p,UW,4,,,,,2,,2,,,10043478,20076713,DNLTAP5CWT,10,2022,11/12/2021
VC - 220623 - 01,23/06/2022,VIJACHIP VUNG ANG CORPORATION.,"VIJACHIP VUNG ANG CORPORATION-Location 1, Vung Ang Economic Zone, Ky Anh,, Ha Tinh",VC,NTT,p,UW,6,,,4,,2,,,,n,10009594,20086386,HTKAVAVIJA,6,2022,15/12/2021
VH - 220623 - 01,23/06/2022,"NISSEI ELECTRIC HANOI CO., LTD.","NISSEI ELECTRIC HANOI CO., LTD, I-3, Thang Long IP, Dong Anh, Ha Noi",VH,TDH,p,UW,,,,,,,,,,,10001847,20007610,BNTSTSIZNI,6,2022,15/12/2021
VH - 220913 - 01,13/09/2022,"DYNAPAC (HAIPHONG) CO., LTD","DYNAPAC (HAIPHONG) CO., LTD, 126, Rd 6, VSIP HP,Dinh Vu Cat Hai EZ, Thuy Nguyen, Hai Phong",VH,TDH,p,UW,5,,,3,,2,,,,n,,,HPTNVS6126,9,2022,17/12/2021
MS - 220209 - 01,09/02/2022,"PRO ACTIVE GLOBAL VIET NAM CO., LTD","PRO-ACTIVE GLOBAL VIET NAM CO., LTD, Lot A1-A7, Rd N2,Dai Dang IZ, Phu Tan, Thu Dau Mot, Binh Duong",MS,VKH,p,UW,6,,,1,1,5,5,,,y,10009333,20025722,BDTDDDN2A1,2,2022,26/12/2021
MN - 221021 - 01,21/10/2022,"VOLTRONIC POWER TECHNOLOGY (VIETNAM) CO.,LTD","VOLTRONIC POWER TECHNOLOGY (VIETNAM), Lot B1A/B/C, No.5, Rd 21A, VSIP Bac Ninh, Tien Du, Bac Ninh",MN,TDH,p,UW,,,,,,,,,,,10043097,20070185,BNDTVSIPBN,10,2022,30/12/2021
VH - 220216 - 01,16/02/2022,"TOHKEN VIETNAM MANUFACTURING CO.,LTD.","TOHKEN VIETNAM MANUFACTURING, Lot D10-11-12, Thang Long Vinh Phuc IZ, Thien Ke, Vinh Phuc",VH,NTT,p,UW,6,,,5,1,1,,,,n,10000738,20002578,HPNQLLSUMI,2,2022,31/12/2021
VH - 220427 - 01,27/04/2022,NIDEC CHAUN CHOUNG VIETNAM CORPORATION,"NIDEC CHAUN CHOUNG VIETNAM CORPORATION, Lot CN1-05-5, High-tech IZ, Hoa Lac, Thach That, Ha Noi",VH,TDH,p,UW,2,,,,,2,,,,n,10051670,20093001,HNTTHLNDCC,4,2022,31/12/2021
VH - 220510 - 01,10/05/2022,"VIETNAM TABUCHI ELECTRIC CO.,LTD.","VIETNAM TABUCHI ELECTRIC CO., LTD., Lot I-3, Dai Dong Hoan Son IZ, Tien Du, Bac Ninh",VH,TDH,u,UW,4,,,2,2,2,2,,,y,10001535,20006270,BNTDDDVTEC,5,2022,31/12/2021
VC - 220608 - 02,08/06/2022,TORAY INTERNATIONAL VIETNAM COMPANY LIMITED-QUANG NGAI,"TORAY INTERNATIONAL VN CO LTD - QUANG NGAI BRANCH ,No.9, Tu Do Boulevard, VSIP, Tinh Tho, Son Tinh ,Quang Ngai",VC,NTT,n,UW,7,,,6,,1,,,,n,10104445,20103215,QNSTVSIP09,6,2022,31/12/2021
VC - 220609 - 01,09/06/2022,"ROUTE INN VIETNAM INVESTMENT CO., LTD","ROUTE INN VIETNAM INVESTMENT CO., LTD, No. 1-3 Dong Da Street, Hai Chau, Da Nang",VC,NTT,u,RS,7,,,2,,4,,1,,n,10010675,20028128,DNHCDD13RI,6,2022,31/12/2021
VC - 220614,14/06/2022,"MK SEIKO (VIETNAM) CO.,LTD.","M.K SEIKO (VIETNAM) CO., LTD, Road 14, Tan Thuan EPZ, District 7, HCMC",VC,NNH,p,UW,0,,,,,,,,,,10000359,20076145,SGD7TTMKSE,6,2022,31/12/2021
VC - 220707,07/07/2022,"KUWAHARA VIETNAM (HCMC) CO., LTD.","KUWAHARA (VIETNAM) CO., LTD, CN11 str, CN11 Tan Binh IZ, Phuong Son Ky, Tan Phu, HCMC",VC,NNH,p,RM,1,,,,,1,1,,,y,10000539,20018465,SGTPPSKUWA,7,2022,31/12/2021
MS - 220712,12/07/2022,"ALWAYS CO., LTD","ALWAYS CO., LTD, Aread A, lot P, Road 16, Tan Thuan EPZ, Dist 7, HCMC",MS,NNH,p,UW,4,,,1,1,3,3,,,y,10000563,20062292,SGD7TTALWA,7,2022,31/12/2021
VH - 220725 - 01,25/07/2022,"SEI ELECTRONIC COMPONENTS (VIETNAM), LTD.","SEI ELECTRONIC COMPONENTS (VIETNAM) LTD, C-6, Thang Long IP, Dong Anh, Ha Noi",VH,INT,u,RM,,,,,,,,,,,,,HNDATLIC6,7,2022,31/12/2021
VC - 220726,26/07/2022,"TOYO INK VIETNAM CO., LTD","TOYO INK  VIETNAM CO., LTD., Plot 201, Long Binh Techno Park, Bien Hoa, Dong Nai",VC,NNH,p,RM,1,,,1,1,,1,,,y,10000245,20011951,DNBHLBL101,7,2022,31/12/2021
VH - 220822 - 01,22/08/2022,"INOAC VIETNAM CO., LTD.","INOAC VIETNAM CO., LTD., Lot 36 Quang Minh IZ, Me Linh, Ha Noi",VH,INT,u,UW,,,,,,,,,,,10000046,20002599,HNMLQMLO36,8,2022,31/12/2021
MS - 220823,23/08/2022,"TY DAT WORKSHOP - BRANCH OF TY XUAN CO., LTD","TY DAT WORKSHOP - BRANCH OF TY XUAN CO., LTD An Dien 1 Hamlet, Trung Hieu Commune, Vung Liem Dist, Vinh Long Province, Viet Nam.",MS,MCN,n,UW,8,,,2,1,6,6,,,,,,,8,2022,31/12/2021
VH - 220909 - 01,09/09/2022,"HOP THINH CO.,LTD","HOP THINH Co.,Ltd, E4, Nomura IZ, An Duong, Hai Phong",VH,NTT,p,UW,7,,,4,,2,,1,,n,10000371,20052652,HPADE4NHIZ,9,2022,31/12/2021
VH - 220909 - 02,09/09/2022,"YAMAHA MOTOR VIETNAM CO., LTD","YAMAHA MOTOR VIETNAM CO., LTD, Lot 50-54, 59-68 Noi Bai IZ, Quang Tien, Soc Son, Ha Noi",VH,INT,p,RM,,,,,,,,,,,,,HNSSQTYAMA,9,2022,31/12/2021
VH - 220909 - 03,09/09/2022,"YAMAHA MOTOR VIETNAM CO., LTD","YAMAHA MOTOR VIETNAM CO., LTD, Trung Gia Commune, Soc Son District, Ha Noi",VH,INT,p,RM,,,,,,,,,,,,,HNSSTGYMHV,9,2022,31/12/2021
VH - 220913 - 02,13/09/2022,"MICROTECHNO CO., LTD","Microtechno Vietnam Co., Ltd, Lot F-8 (RF-5) Thang Long 2 IP, Yen My, Hung Yen",VH,NTT,p,UW,16,,,10,,5,,1,,n,10006411,20019178,HYYMTLIPF5,9,2022,31/12/2021
MS - 220923 - 01,23/09/2022,"KWONG LUNG - MEKO CO., LTD - Factory 2","KWONG LUNG - MEKO CO., LTD-factory 2, Lot 2.20C,No.8 Road,Tra Noc 2 IZ,Phuoc Tho,O Mon, Can Tho",MS,MCN,u,UW,9,,,,,8,8,1,1,y,10000458,20025762,CTBTTNKW20,9,2022,31/12/2021
VH - 221108 - 01,08/11/2022,"MIKI INDUSTRY VIETNAM CO., LTD.","MIKI INDUSTRY VIETNAM CO., LTD., Lot 1/2 L2.8 & 1/2 L2.9, Do Son IZ, Do Son, Hai Phong",VH,NTT,p,UW,10,,,7,,3,,,,n,10002504,20009894,HPDSNXMIKI,11,2022,31/12/2021
VH - 221208 - 01,08/12/2022,"MASUDA VINYL VIETNAM CO., LTD","MASUDA VINYL VIETNAM CO., LTD, Lot No. 1, Dong Vang, Dinh Tram IZ, Viet Yen, Bac Giang",VH,NTT,p,UW,13,,,8,,3,,2,,n,10010325,20028854,BGVYDTDV1M,,,31/12/2021
MN - 220628 - 01,28/06/2022,SUN MAX VIETNAM COMPANY LIMITED,"Sun Max Vietnam Company Limited, Km 8, Pham Van Dong St, Hai Thanh, Duong Kinh Dist, Hai Phong",MN,NTT,p,UW,,,,,,,,,,,10000999,20003915,HPDKHTSUNM,6,2022,14/11/2013
VC - 220721,21/07/2022,"ARAI VIETNAM CO., LTD.","ARAI VIETNAM CO., LTD., 101/1-3 Amata IP, Long Binh Ward, Bien Hoa City,, Dong Nai",VC,NNH,p,RM,2,,,,,2,,,,n,10000338,20016795,DNBHAIPARA,7,2022,28/11/2013
VC - 220923,23/09/2022,"KOATSU GAS KOGYO VIETNAM CO.,LTD","KOATSU GAS KOGYO VIETNAM Co., Ltd., Lot No H-5, Long Duc IP, Long Thanh, Dong Nai",VC,NNH,p,RM,2,,,,,2,,,,n,10005953,20019737,DNLTLDIPH5,9,2022,20/11/2017
VH - 220727 - 02,27/07/2022,"SUMIDEN VIETNAM AUTOMOTIVE WIRE CO.,LTD (SVAW)","Sumiden Vietnam Automotive Wire Co.,Ltd (SVAW ), Lot E7-E8, Thang Long 2 IP, Yen My, Hung Yen",VH,INT,p,RM,,,,,,,,,,,,,HYYMTLIPSV,7,2022,10/11/2021
VC - 220930,30/09/2022,"MEGATEC CO., LTD","MEGATEC CO., LTD., LOT A6.4 A6.8 CHON THANH IZ, THANH TAM, CHON THANH, Binh Phuoc",VC,NNH,p,RM,1,,,,,1,1,,,n,10004256,20014547,BPCTTTCTA6,9,2022,27/11/2021
MS - 220228 - 01,28/02/2022,HAPPY MERRY HOLDING INC,"HAPPY MERRY HOLDING INC., 9 Hamlet, Loc Thai Village, Loc Ninh Dist, Binh Phuoc",MS,VKH,p,UW,2,,,1,,1,,,,n,10004382,20014450,BPLNLTH9HM,2,2022,30/11/2021
VH - 220526 - 01,27/06/2022,"ARTPRESTO VIET NAM CO.,LTD","ARTPRESTO VIETNAM CO., LTD, Lot D8, Road D5, Chau Son IZ, Chau Son, Phu Ly, Ha Nam",VH,TDH,p,UW,4,,,2,2,2,2,,,y,10027039,20073748,HNPLCSARTP,6,2022,30/11/2021
VH - 220915 - 02,15/09/2022,"MEIKO VIETNAM CO., LTD","MEIKO VIETNAM  CO., LTD, Lot-A4,CN3b area, Trang Due IZ, An Duong, Hai Phong",VH,NTT,p,UW,10,1,,8,,1,,,,n,10007904,20023179,HPADTD3BA4,9,2022,30/11/2021
VC - 221021 - 02,21/10/2022,"FUJIFILM BUSINESS INNOVATION VIETNAM CO., LTD.","Nippon Express Vietnam- Song Than Logistic Center, Lot F,Road No.6 Song Than 2 IZ, Di An, Binh Duong",VC,NNH,p,UW,0,,,,,,,,,,10000069,20032717,BDDAST26FY,,,30/11/2021
VH - 220707 - 01,07/07/2022,UMC ELECTRONICS VIETNAM LIMITED.,"UMC ELECTRONICS VIETNAM LTD., Lot 1-2, Tan Truong IZ, Cam Giang, Hai Duong",VH,TDH,p,UW,3,,,1,,2,,,,n,10000203,20000765,HDCGTTUMCE,7,2022,27/10/2013
VH - 220426 -01,26/04/2022,SG SAGAWA VIETNAM-BAC NINH BRANCH,"SAGAWA EXPRESS VIETNAM - HANOI BRANCH, Tu Son Warehouse - No.1, Road VSIP 6, VSIP, Tu Son, Bac Ninh",VH,NTT,p,UW,3,,,,,2,1,1,1,n,10022553,20095254,BNTSVSIP6,4,2022,31/10/2021
VH - 220518 - 01,18/05/2022,"MITSUI KINZOKU CATALYSTS VIETNAM CO., LTD","Mitsui Kinzoku Catalysts Vietnam Co., Ltd, Plot 74 - Noi Bai IZ, Quang Tien, Soc Son, Ha Noi",VH,NTT,p,UW,8,,,3,,5,,,,n,10002916,20013092,HNSSQTNB74,5,2022,31/10/2021
VC - 220825,25/08/2022,"SANKYU (VIETNAM) CO., LTD","SANKYU LOGISTICS (VIETNAM) CO., LTD, Lot 9B, Rd 4, Nhon Trach 3 IP, Phase 2, Nhon Trach, Dong Nai",VC,NNH,p,RM,2,,,,,2,,,,n,10003968,20049626,DNNTNT3PNS,8,2022,10/10/2022
VC - 221006,06/10/2022,"RENESAS DESIGN VIETNAM CO., LTD","RENESAS DESIGN VIETNAM CO., LTD, Lot W.29-30-31a, Tan Thuan Road, Tan Thuan EPZ, D7, HCMC",VC,NNH,p,UW,0,,,,,,,,,,10005549,20017246,SGD7TTW293,10,2022,10/10/2022
,12/10/2022,"MEIKO ELECTRONICS THANG LONG CO., LTD.","Panasonic Vietnam Co., Ltd, Lot J1-J2 Thang Long IP, Dong Anh, Ha Noi",VH,NTT,u,UW,0,,,,,,,,,,10006097,20018494,HNDATLPNVN,10,2022,10/10/2022
VH - 221202 - 01,02/12/2022,MAIKO HAI PHONG COMPANY LIMITED,"MAIKO HAI PHONG COMPANY LIMITED, L/P A9, Nomura Hai Phong IZ, An Duong, Hai Phong",VH,TDH,u,RM,6,,,1,,5,,,,n,,,,,,13/10/2022
VC - 220419 - 01,19/04/2022,"MITSUBA VIETNAM CO., LTD","MITSUBA M-TECH VIETNAM CO., LTD., D5-1, Long Binh Techno Park (LOTECO) EPZ, Bien Hoa, Dong Nai",VC,VKH,p,UW,,,,,,,,,,,10000300,20003776,DNBHMITSUB,4,2022,14/10/2022
MS-221107,07/11/2022,GREENTECH HEADGEAR COMPANY LIMITED,"GREENTECH HEADGEAR COMPANY LIMITED, Factories 1-6, 22-25, Rd3, Nhon Trach 2, Phu Hoi, Dong Nai",MS,MCN,p,UW,3,,,,,1,,2,,,10022048,20069573,DNNTNT2RD3,11,2022,14/10/2022
VC - 220722,22/07/2022,"IGM CO., LTD","IGM Co., Ltd., Road 19, Tan Thuan EPZ, Tan Thuan Dong Ward,Dist 7, HCMC",VC,NNH,p,RM,5,,,,,5,,,,n,10000056,20018913,SGD7TTIGMC,7,2022,16/10/2022
VC - 220428 - 01,28/04/2022,DH LOGISTIC PROPERTY VIET NAMCOMPANY LIMITED,"DAIWA HOUSE - WAREHOUSE, Lot I, Loc An Binh Son IZ, Long An, Long Thanh, Dong Nai",VC,VKH,p,UW,,,,,,,,,,,10025751,20051880,DNLTLABSDW,4,2022,20/10/2022
VC - 220720,20/07/2022,SAKAGUCHI PLASTIC VIETNAM,"SAKAGUCHI PLASTIC VIETNAM, Road 7A, Lot 300, Amata IP, Long Binh, Bien Hoa, Dong Nai",VC,NNH,p,RM,1,,,,,1,1,,,y,10000714,20010494,DNBHAMSAKA,7,2022,20/10/2022
VH - 220817 - 01,17/08/2022,"CHIYODA INTEGRE VIETNAM CO., LTD","CHIYODA INTEGRE VIETNAM CO., LTD, C4, Thang Long IP, Dong Anh, Ha Noi",VH,TDH,p,UW,,,,,,,,,,,,,HNDATLCHIY,8,2022,21/10/2022
VC - 220914,14/09/2022,"SHOWA (VIETNAM) CO., LTD","SHOWA (VIETNAM) CO., LTD, Road 14, Tan Thuan EPZ, District 7, HCMC",VC,MCN,P,RM,7,,,,,6,,1,,,10001042,20017448,SGD7TTSHOW,9,2022,24/10/2022
VC - 220118 - 01,18/01/2022,SG SAGAWA VIET NAM,"SAGAWA EXPRESS VIETNAM, Lot 117, Linh Trung EPZ, Thu Duc, HCMC",VC,VKH,p,UW,13,,,3,,10,,,,n,10007383,20045738,SGTDLTSAGA,1,2022,27/10/2022
MS-221117,17/11/2022,"AQUA ELECTRICAL APPLIANCES VIETNAM CO., LTD.","HAIER ELECTRICAL APPLIANCES VIETNAM CO LTD, No. 8, Street 17A, Bien Hoa 2 IZ, Bien Hoa City, Dong Nai",MS,NNH/MCN,p,UW,7,,,1,,4,,2,,n,10000182,20001846,DNBHIZ217A,,,29/10/2022
VC - 220413 - 01,13/04/2022,"HORY VIETNAM CO., LTD","HORY VIETNAM CO., LTD, Plot J1 & J2, Long Duc IP, Long Thanh District, Dong Nai",VC,VKH,p,UW,,,,,,,,,,,10004998,20016038,DNLTLDHORY,4,2022,31/10/2022
VH - 220923 - 01,23/09/2022,"YOKOI MOULD VIETNAM CO., LTD.","YOKOI MOULD VIETNAM CO., LTD., Plot D5-D6, Dinh Tram  IZ, Viet Yen Dist, Bac Giang",VH,TDH,p,RM,3,,,1,,2,,,,n,,,BGVYDTD5D6,9,2022,31/10/2022
VH - 220927 - 01,27/09/2022,"BAC NINH-BASED BRANCH OFFICE SHOEI VIETNAM CO., LTD","BAC NINH-BASED BRANCH OFFICE OF SHOEI VIETNAM, No. 11, Street 9, VSIP Bac Ninh, Tu Son, Bac Ninh",VH,NTT,p,UW,10,,,8,,2,,,,n,10007989,20046544,BNTSVPS911,9,2022,31/10/2022
MS - 220727 - 01,27/07/2022,"LAC TY II CO., LTD","Lac Ty II Co.,- Factory D,R1,R2,canteen(20m fr A), Lot B1, B2 Tan Phu Thanh IZ, Chau Thanh A, Hau Giang",MS,NTT,p,UW,,,,,,,,,,,10001402,20010554,HGCTTPTLTD,7,2022,30/09/2013
VH - 220727 - 01,27/07/2022,"SUMIDEN VIETNAM AUTOMOTIVE WIRE CO.,LTD (SVAW)","Sumiden Vietnam Automotive Wire Co.,Ltd (SVAW), Lot XN 2, 3, 6 Dai An IZ, Tu Minh, Hai Duong, Hai Duong",VH,INT,p,RM,,,,,,,,,,,,,HDDAIZSWAV,7,2022,30/09/2013
VH - 220802 - 01,02/08/2022,"Gentherm Vietnam Co., LTD","Road 4 & 5, Dong Van II Industrial Zone, Duy Tien, Ha Nam",VH,TDH,n,UW,,,,,,,,,,,,,HNDTDVII45,8,2022,05/09/2014
MS - 220927,27/09/2022,"TOPTEX GARMENT CO., LTD","TOPTEX GARMENT CO., LTD, Area No.4 Zone 10, Tan Hiep Group, Bien Hoa, Dong Nai",MS,MCN,u,UW,4,,,1,,2,,1,,,10000458,20025762,DNBHTHTOPT,9,2022,03/09/2018
VC - 220613 - 01,13/06/2022,AOKI VIETNAM COMPANY LIMITED,"Aoki Vietnam Co., Ltd, D3 Kizuna Rent factory,Road 8,Tan Kim IP,Can Giuoc, Long An",VC,VKH,p,UW,,,,,,,,,,,10008325,20023244,LACGTKR8D3,6,2022,30/09/2018
VC - 220812 - 01,12/08/2022,"NAXIS VIETNAM CO., LTD HA NAMBRANCH","Naxis Vietnam Co., Ltd - Hanam Branch, Road N2, Section A, Hoa Mac IP, Duy Tien, Ha Nam",VC,TDH,p,UW,2,,,1,,1,,,,n,,,HNDTHMSAN2,8,2022,06/09/2022
VC-221207,07/12/2022,"KANEKA MEDICAL VIETNAM CO., LTD","KANEKA PHARMA VIETNAM CO., LTD., No. 35, Road 6, VSIP, Thuan An, Binh Duong",,MCN,p,UW,2,,,,,2,2,,,y,10000149,20007442,BDTAVSKANE,,,06/09/2022
VH - 220331 - 01,31/03/2022,"CITIZEN MACHINERY VIETNAM CO.,LTD","CITIZEN MACHINERY VIETNAM CO., LTD, LP J2, J3 Nomura Hai Phong IZ, An Duong, Hai Phong",VH,NTT,p,UW,9,,,4,,5,,,,n,10000224,20003059,HPADNHIZJ2,3,2022,12/09/2022
VC-221202,02/12/2022,"TANAKA CO.,LTD","TANAKA CO., LTD., Road No 6, Tan Thuan EPZ, District 7, HCMC",VC,MCN,p,UW,4,1,1,3,3,,,,,y,10000694,20019839,SGD7TTTANA,,,14/09/2022
MS - 220117 - 01,17/01/2022,"VINH TY CO., LTD.",,MS,VKH,n,UW,,,,,,,,,,,,,,1,2022,15/09/2022
VH = 220809 - 01,09/08/2022,"FUJIKURA KASEI VIETNAM CO., LTD","FUJIKURA KASEI VIETNAM CO., LTD, 13.1, road 10 Cam Dien - Luong Dien IZ, Cam Giang, Hai Duong",VH,TDH,p,UW,3,1,,1,,,,1,,n,,,HDCGLDIZ13,8,2022,15/09/2022
VC - 220816,16/08/2022,"VIETNAM MUSASHI PAINT CO.,LTD","VIETNAM MUSASHI PAINT CO.,LTD, Plot 227/1 Amata IP,Long Binh ward,Bien Hoa city, Dong Nai",VC,NNH,p,RM,5,,,,,5,,,,n,10000969,20005535,DNBHLBMUSA,8,2022,15/09/2022
VH - 220823 - 01,23/08/2022,"SUMITOMO HEAVY INDUSTRIES (VIETNAM) CO.,LTD","SUMITOMO HEAVY INDUSTRIES (VIETNAM) CO., LTD - MF, I-7-8-9, Thang Long IP, Dong Anh, Ha Noi",VH,INT,p,UW,,,,,,,,,,,10000051,20001805,HNDATLIPMF,8,2022,19/09/2022
VC - 220824,24/08/2022,"S.B SAIGON FASHION CO., LTD","S.B Saigon Fashion Co, Road 8, Tan Thuan EPZ, Tan Thuan Dong Ward, Dist 7, HCMC",VC,NNH,p,RM,7,,,3,,4,,,,n,10000033,20017970,SGD7TTSBSA,8,2022,19/09/2022
VH - 220908 - 01,08/09/2022,"SUMI VIETNAM WIRING SYSTEMS CO., LTD","SUMI VIETNAM WIRING SYSTEMS CO.,LTD (SVWS), Lot B1, Dong Van 2 IZ, Duy Tien, Ha Nam",VH,INT,u,RM,,,,,,,,,,,,,,9,2022,19/09/2022
VC - 220824 - 01,24/08/2022,DAIKIN AIR CONDITIONING (VIETNAM) JOINT STOCK COMPANY,"DAIKIN AIR CONDITIONING VN- Logitem Transimex WH, Lot C2-9, Road 10, Hoa Cam IP, Cam Le, Da Nang",VC,TDH,p,UW,2,,,1,1,1,1,,,y,,,DNCLHC10C2,8,2022,22/09/2022
VC - 221012,12/10/2022,"TOYOTA TSUSHO VIETNAM CO.,LTD(HOCHIMINH BRANCH)","DRAGON LOGISTICS CO., LTD - DONG NAI BRANCH, Plot 101/1 Amata IP, Bien Hoa City, Dong Nai",VC,NNH,p,RM,0,,,,,,,,,n,10000165,20035565,DNBHAMA101,10,2022,23/09/2022
VH - 220405 - 01,05/04/2022,HANACANS JSC.,"Hanacans Jsc - New factory, Lot 15, Dien Nam Dien Ngoc IP, Dien Ban, Quang Nam",VH,NTT,p,UW,14,,,5,,7,,2,,n,10007145,20026440,QNDBDNHANA,4,2022,30/09/2022
VH - 220723 - 01,23/07/2022,"ICAM VIETNAM CO., LTD","ICAM VIETNAM CO., LTD, Road 206 Pho Noi A IP, My Hao, Hung Yen",VH,TDH,p,UW,2,,,,,2,1,,,n,,,HYMHPNAICA,7,2022,30/09/2022
VC - 220803,03/08/2022,"VIETNAM KURAUDIA CO., LTD.","VIETNAM KURAUDIA CO., LTD, 01 VSIP Street 7, VSIP, Thuan An, Binh Duong",VC,NNH,p,RM,0,,,,,,,,,,10000037,20002326,BDTAVSVIKU,8,2022,30/09/2022
MS - 220804,04/08/2022,DINGNANG CO LTD,"DINGNANG CO LTD, Lot A8B, road 4A, Hai Son IP, Duc Hoa, Long An, Vietnam",MS,NNH,n,UW,2,,,,,2,2,,,y,,,,8,2022,30/09/2022
VH - 220809 - 02,09/08/2022,FULUHASHI CORPORATION (VIETNAM) LTD,"Cam Dien - Luong Dien IZ, Cam Giang, Hai Duong",VH,TDH,u,UW,1,,,1,1,,,,,y,,,,8,2022,30/09/2022
MS - 220817,17/08/2022,CONG TY TNHH NGHIA XIN,"CONG TY TRACH NHIEM HUU HAN NGHIA XIN, Lo 1C6, Duong CN8, Tan Binh IZ,Hung Hoa,Bau Bang, Binh Duong",MS,NNH,p,UW,3,,,1,1,2,2,,,y,10028123,20056713,BDBBTBIZNX,8,2022,30/09/2022
VC - 220830,30/08/2022,"KAZU CO., LTD","KAZU CO., LTD, Lot 3, CN5, Road 01, Song Than 3 IP, Thu Dau Mot, Binh Duong",VC,MCN,p,UW,10,,,2,,8,3,,,,10000518,20029517,BDTDSTKAZU,8,2022,30/09/2022
VH - 221117 - 02,17/11/2022,"SD VIETNAM INDUSTRIES LTD.,","SD VIETNAM INDUSTRIES LTD, Plot H-2A, Thang Long IP, Dong Anh, Ha Noi",VH,TDH,p,UW,4,,,1,,3,,,,n,10000280,20045835,HNDATLIP2A,,,30/09/2022
VH - 220505 - 01,05/05/2022,"TOKAI TRIM VIETNAM CO.,LTD","TOKAI TRIM VIETNAM CO.,LTD, Plot D2, D3, Dinh Tram IZ, Viet Yen, Bac Giang",VH,TDH,p,UW,3,1,1,1,1,1,1,,,y,10002473,20009767,BGVYDTD2D3,5,2022,26/08/2012
VC - 220609 - 03,09/06/2022,"LONG PHUOC-HT CO., LTD","LONG PHUOC - HT CO., LTD, 1792 Nguyen Duy Trinh, Truong Thanh, Thu Duc, HCMC",VC,NNH,p,RM,1,,,,,1,1,,,y,10060675,20087526,SGTDNDTLP,6,2022,21/08/2018
VH - 220414 - 01,14/04/2022,"YOTSUBA DRESS VIETNAM CO., LTD.","YOTSUBA DRESS VIETNAM CO.,LTD., A Plot, Le Mon IZ, Thanh Hoa City, Thanh Hoa",VH,NTT,p,RS,4,,,3,3,1,,,,n,10003860,20013249,THLMIZYOTS,4,2022,27/08/2018
VC - 220624,24/06/2022,"QUADRILLE VIETNAM CO., LTD.","QUADRILLE VIETNAM CO., LTD., No.118, Amata IZ, Bien Hoa City, Dong Nai",VC,NNH,p,RM,0,,,,,,,,,,10000010,20000721,DNBHAMTIZ,6,2022,15/08/2020
VC - 220531 - 02,31/05/2022,MT GARMENT VIETNAM,"MT GARMENT VIETNAM CO.,LTD (C8,9 KIZUNA Factory), Lot K,Tan Kim IP,Tan Kim Commune, Can Giuoc, Long An",VC,NTT,p,UW,11,1,,5,,5,,,,n,10007496,20023783,LACGTKTKKM,5,2022,05/08/2022
VC - 220525 - 01,25/05/2022,"SHOWA GLOVES VIETNAM CO., LTD","SHOWA GLOVES VIETNAM CO., LTD, So 23 Dai Lo Tu do, VSIP, Thuan An, Binh Duong",VC,VKH,p,UW,,,,,,,,,,,10000045,20001021,BDTAVSIPSH,5,2022,06/08/2022
VC - 220530 - 01,30/05/2022,"TOPLA VIETNAM CO.,LTD","TOPLA VIETNAM CO.,LTD, Lot J4, Que Vo IZ, Nam Son, Bac Ninh, Bac Ninh",VH,TDH,p,RM,7,,,4,4,3,1,,,n,10002198,20008923,BNBNNSTOPL,5,2022,08/08/2022
VC - 220811,11/08/2022,"NAXIS VIETNAM CO.,LTD","NAXIS VIETNAM CO.,LTD, Plot 505, Road 13, Long Binh IZ (Amata), Bien Hoa, Dong Nai",VC,NNH,p,RM,7,,,2,,5,,,,n,10009427,20025620,DNBHLBNAXI,8,2022,08/08/2022
VH - 220720 - 01,20/07/2022,JAGUAR INTERNATIONAL CORPORATION HANOI.,"JAGUAR INTERNATIONAL CORPORATION HANOI., Tan Truong IZ, Cam Giang District, Hai Duong",VH,NTT,p,UW,14,,,10,4,4,3,,,n,10000763,20002657,HDCGTTJAGU,7,2022,16/08/2022
MS - 220513 - 01,13/05/2022,"LIEN HSING CO., LTD","LIEN HSING CO., LTD, Lot 17, Road 2, Tan Tao IZ, Binh Tan, HCMC",MS,VKH,p,UW,,,,,,,,,,,10000876,20008152,SGBTTTLIEN,5,2022,18/08/2022
VH - 220914 - 01,14/09/2022,"VIETNAM KYORITSU CO., LTD.","KYORITSU VIETNAM CO., LTD, Plot E-2, Nomura IZ, An Duong, Hai Phong",VH,NTT,p,UW,15,,,9,7,6,3,,,n,10002037,20009338,HPADNOE2KY,9,2022,20/08/2022
VC - 220629 - 01,29/06/2022,"FUKUVI VIETNAM CO., LTD.","FUKUVI VIETNAM CO., LTD, Plot 510, Road 13, Amata IP, Long Binh, Bien Hoa, Dong Nai",VC,NNH,p,UW,2,,,,,2,,,,,10003178,20012153,BHLBAM13FU,6,2022,22/08/2022
VH - 220517 - 01,17/05/2022,"HANOI STEEL CENTER CO., LTD.","HANOI STEEL CENTER CO., LTD., Plot M5B,Thang Long IP, Dong Anh, Ha Noi",VH,NTT,p,UW,11,,,4,4,6,6,1,1,y,10000200,20004002,HNDATLHNST,5,2022,30/08/2022
VC - 220526 - 01,26/05/2022,SV PROBE VIETNAM CO LTD,"SV PROBE VIETNAM CO LTD, 37A Street, 6 VISIP, Thuan An town, Binh Duong",VC,VKH,p,UW,,,,,,,,,,,10018551,20044688,BDTAVS637A,5,2022,30/08/2022
VC - 220913,13/09/2022,"WATABE WEDDING VIETNAM CO., LTD","WATABE WEDDING VIETNAM CO., LTD, Lot 200, AMATA IP, Bien Hoa City, Dong Nai",VC,NNH,p,RM,0,,,,,,,,,,10000667,20002376,DNBHWATABE,9,2022,30/08/2022
MN - 220221 - 01,21/09/2022,"MILESTONE CO., LTD.","Lot 13, Quang Minh Industrial Zone, Me Linh, Hanoi",MN,TDH,n,UW,,,,,,,,,,,,,,9,2022,30/08/2022
VH - 220922 - 02,22/09/2022,"PANASONIC INDUSTRIAL DEVICES VIETNAM CO.,LTD","PANASONIC INDUSTRIAL DEVICES VIETNAM CO., LTD., Plot J1-2 Thang Long IP, Dong Anh, Ha Noi",VH,INT,p,UW,,,,,,,,,,,,,HNDAPNSNIC,9,2022,30/08/2022
VC - 220217 - 01,17/02/2022,"MEITO VIETNAM CO., LTD.","MEITO VIETNAM CO., LTD, Lot G, Road No 6, Song Than IP 2, Di An, Binh Duong",VC,VKH,p,UW,4,,,3,,1,,,,n,10006136,20038371,BDDASTR6LG,2,2022,31/08/2022
VH - 220329 - 01,29/03/2022,"MITSUBOSHI FORMING VIETNAM CO., LTD","MITSUBOSHI FORMING VIETNAM CO., LTD, Plot No C3-1, Ba Thien 2 IZ, Thien Ke, Binh Xuyen, Vinh Phuc",VH,TDH,p,UW,6,,,2,,3,,1,,n,10032743,20068112,VPBXBT2MFV,3,2022,31/08/2022
VH - 220511 - 01,11/05/2022,SHIKOKU CABLE VIETNAM LIMITED,"SHIKOKU CABLE VIETNAM LIMITED, Dong Van 2 IP, Duy Tien, Ha Nam",VH,TDH,u,UW,3,,,2,2,1,1,,,y,10002070,20008725,HNDTDVSHIK,5,2022,31/08/2022
VC - 220513 - 01,13/05/2022,"VIETNAM TOKAI CO., LTD","VIETNAM TOKAI CO., LTD, Road No.1, Hoa Cam IZ, Cam Le District, Da Nang",VC,NTT,p,UW,12,,,5,,5,,2,,n,10002928,20011134,DNCLHCTOKA,5,2022,31/08/2022
VH - 220519 - 01,19/05/2022,"HASEKO HIMLAMBC CO., LTD","TU DINH RESIDENCE COMPLEX, Long Bien, Ha Noi",VH,NTT,p,UW,9,,,4,2,5,4,,,n,10006596,20032186,HNLBTDCT1,5,2022,31/08/2022
VC - 220610 - 01,10/06/2022,YAMAKEN APPAREL VIETNAM LTD,"YAMAKEN APPAREL VIETNAM LTD, No. 3, Dong An IP, Thuan An District, Binh Duong",VC,NNH,p,RM,,,,,,3,3,,,,10000990,20017075,BDTADAN3YA,6,2022,31/08/2022
MN - 220915 - 01,15/09/2022,DYNAMIX MATERIAL SCIENCE COMPANY LIMITED,"DYNAMIX MATERIAL SCIENCE LTD, Lot CN05-2, Binh Xuyen IZ 2, Ba Hien, Binh Xuyen, Vinh Phuc",MN,TDH,p,UW,,,,,,,,,,,,,,9,2022,31/08/2022
VC - 220610 - 01,10/06/2022,RYOBI INTERNATIONAL LOGISTICSVIETNAM JSC,"Kho Techom Bank AMC, Km So 22,QL5,Thi Than Ban Yen Nhan, My Hao, Hung Yen",VC,TDH,p,UW,5,2,,2,,1,,,,n,10007691,20036045,HYMHBYNAMC,6,2022,14/07/2013
VC - 220531 - 01,31/05/2022,"INTERNATIONAL PRESS SOFTCOM VIETNAM CO., LTD","INTERNATIONAL PRESS SOFTCOM VIETNAM CO., LTD., B51/1, Street No. 2E, Vinh Loc IP, Binh Chanh, HCMC",VC,NTT,p,UW,15,1,,11,,2,,1,,n,10007385,20026739,SGBCVLB51,5,2022,31/07/2021
VC - 220425 - 01,25/04/2022,"CERUBO CO., LTD.","CERUBO CO., LTD, Road H1, Kim Huy IZ, Phu Tan Ward, Thu Dau Mot, Binh Duong",VC,VKH,p,UW,,,,,,,,,,,10005398,20016915,BDTDMPTKH1,4,2022,15/07/2022
VH 220527 - 01,27/05/2022,"VIETNAM MUSASHI PAINT CO.,LTD-HA NOI BRANCH","VIETNAM MUSASHI PAINT, VI-3.2, N1, D Street, Que Vo 2 IZ, Ngoc Xa, Que Vo, Bac Ninh",VH,TDH,p,UW,3,1,,1,,,,1,,n,10061171,20088170,BNQVN1VI32,5,2022,15/07/2022
VC - 220524 - 01,24/05/2022,"NIPPON CHEMIPHAR VIETNAM CO.,LTD","NIPPON CHEMIPHAR VIETNAM CO., LTD, 76 Dai Lo Doc Lap, VSIP, Thuan An, Binh Duong",VC,VKH,p,UW,,,,,,,,,,,10009297,20032764,BDTAVS76DL,5,2022,18/07/2022
VC - 220706 - 01,06/07/2022,VJ INTERNATIONAL LIMITED COMPANY,"VJ International Limited Company- Marukin Building, 15/1 Le Thanh Ton Str, Ben Nghe, District 1, HCMC",VC,NNH,p,UW,3,,,,,3,,,,,10055429,20078590,SGD1LTT151,7,2022,24/07/2022
VC - 220608 - 01,08/06/2022,URC VIETNAM CO. LTD.,"URC VIETNAM CO. LTD, No. 26, Road 6, VSIP 1, Thuan An District, Binh Duong",VC,VKH,p,UW,,,,,,,,,,,10002491,20009860,BDTAVSIP26,6,2022,25/07/2022
VC - 220628 - 01,28/06/2022,"VIETINAK CO., LTD","VIETINAK CO., LTD, Plot C-5, Thang Long 2 IP, Yen My, Hung Yen",VH,TDH,p,UW,4,1,1,0,,3,3,,,y,10001761,20007280,HYYMTLVIET,6,2022,25/07/2022
VC - 220719 - 01,19/07/2022,"MARUBENI LUMBER VIETNAM CO., LTD","MARUBENI LUMBER VIETNAM CO., LTD, Lot B1.01 - B1.04, Nhon Hoi IP, Park A, Quy Nhon, Binh Dinh",VC,TDH,p,UW,4,1,,2,,1,,,,n,10016233,20041507,BDQNNH2MLV,7,2022,25/07/2022
VC - 220107 - 01,07/01/2022,SHISEIDO VIETNAM INC,"SHISEIDO VIETNAM CO., LTD, Lot 231-233-235-237, Amata IP, Long Binh, Bien Hoa, Dong Nai",VC,VKH,u,UW,5,,,1,1,4,4,,,y,10000346,20001064,DNBHAIPSHI,1,2022,26/07/2022
VC - 220421 - 01,21/04/2022,"NIPPON NOTEBOOK VIETNAM CO., LTD","SOWELL VIET NAM CO.,LTD, No. 6 Street, Nhon Trach 3 IZ Phase 2, Nhon Trach, Dong Nai",VC,VKH,p,UW,,,,,,,,,,,10064690,20098179,DNNT32S6SO,4,2022,26/07/2022
VC - 220422 - 01,22/04/2022,"CERUBO CO., LTD.","CERUBO CO., LTD, Binh Phuoc A Hamlet, Binh Chuan Village, Thuan An, Binh Duong",VC,VKH,p,UW,,,,,,,,,,,10005398,20016915,BDTABCBPAC,4,2022,26/07/2022
VC - 220603 - 01,03/06/2022,SOPET GAS ONE COMPANY LIMITED,"SOPET GAS CO., LTD, Phuoc Khanh Village, Nhon Trach District, Dong Nai",VC,NTT,p,UW,,,,,,,,,,,10000690,20019537,DNNTPKSOPE,6,2022,27/07/2022
MS - 220516 - 01,16/05/2022,"CCH TOP (VN) CO., LTD","CCH TOP (VN) CO., LTD, Tan Thuan EPZ, District 7, HCMC",MS,VKH,p,UW,,,,,,,,,,,10000404,20001250,SGD7TTEPZC,5,2022,29/07/2022
VC - 220916 ,16/09/2022,"VIETNAM MEIWA CO., LTD.","VIETNAM MEIWA CO., LTD., No. 1, Road 1, Bien Hoa 2 IZ, Bien Hoa, Dong Nai",VC,NNH,p,UW,3,,,,,3,3,,,y,10000150,20001808,DNBHIZ10A1,9,2022,29/07/2022
VH - 220615 - 01,15/06/2022,"SUMITOMO NACCO FORKLIFT VIETNAM CO.,LTD","Sumitomo NACCO Materials Handling (Vietnam) Co.,, Lot M1, Thang Long IZ, Dong Anh, Ha Noi",VH,TDH,p,UW,,,,,,,,,,,10000317,20001031,HNDATLSUMI,6,2022,30/07/2022
VC - 220314 - 01,14/03/2022,"KATO SANGYO VIETNAM CO., LTD","RYOBI (VIETNAM) DISTRIBUTION SERVICE CO ., LTD, Lot HC,D2 SAIGON High-tech,Tang Nhon Phu B,Dist 9, HCMC",VC,VKH,u,UW,6,,,3,,3,,,,n,10003489,20014006,SGD9TNPHC,3,2022,31/07/2022
VH - 220414 - 02,14/04/2022,MLB TENERGY COMPANY LIMITED,"MLB TENERGY CO.,LTD, Yen Thanh IZ, Ward 2, Yen Thanh, Nghe An",VH,NTT,p,UW,10,,,7,,3,,,,n,10004228,20046760,NAYTIZMLBT,4,2022,31/07/2022
MS - 220519 - 01,19/05/2022,"JIN SHONE ENTERPRISE CO.,LTD","JIN SHONE ENTERPRISE CO.,LTD (New factory), DT741, An Hoa, Hoa Loi, Ben Cat, Binh Duong",MS,VKH,p,UW,,,,,,,,,,,10000445,20036389,BDBCHLJSEC,5,2022,31/07/2022
VC - 220617 - 01,17/06/2022,MATSUMURA CO LTD (KYOTO),"VIMA 2/VIMAFA 2, QUOC LO 20, Dai Lao, Bao Loc, Lam Dong",VC,VKH,p,UW,,,,,,,,,,,10001338,20095735,LDBLDLQL20,6,2022,31/07/2022
VH - 220620 - 01,20/06/2022,"MARUBENI HEAVY EQUIPMENT CO.,LTD","Marubeni Heavy Equipment Co.,Ltd, Lot 7, Quang Minh IZ, Me Linh, Ha Noi",VH,TDH,p,UW,3,1,1,,,2,1,,,n,10010845,20028636,HNMLQM7SHE,6,2022,31/07/2022
VC - 220720,20/07/2022,"SUZUKI LATEX VIETNAM CO., LTD.","SUZUKI LATEX VIETNAM CO., LTD., Plot 307, 7A Road, Amata IP, Long Binh, Bien Hoa, Dong Nai",VC,NNH,p,RM,1,,,,,1,1,,,y,10001559,20007003,DNBHAMATVS,7,2022,31/07/2022
VC - 220908,08/09/2022,"MURATA MANUFACTURING VIETNAM HO CHI MINH CO., LTD","VIETSHIANG ELECTRONICS CO.,LTD, No 6, 9A Road, Bien Hoa 2 IZ, Bien Hoa, Dong Nai",VC,NNH,p,UW,0,,,,,,,,,,10006520,20054307,DNBHBH2IZ6,9,2022,31/07/2022
VC - 220912,12/09/2022,CONG TY TNHH ALWIN VIET NAM,"CONG TY TNHH ALWIN VIETNAM, Lot CN 16, lot 1C, Str 4, Song Than 3, Thu Dau Mot, Binh Duong",VC,MCN,p,UW,2,,,,,2,2,,,y,10012526,20050422,BDTDM1CN16,9,2022,31/07/2022
VH - 221006 - 01,06/10/2022,"FUJIFILM MANUFACTURING HAI PHONG CO.,LTD.","Warehouse No 6-12, No.151 East-West Blvd, VSIP Hai Phong, Thuy Nguyen, Hai Phong",VH,NTT,p,UW,11,,,8,,2,,1,,n,10002604,20025837,HPTNVSW612,10,2022,31/07/2022
,11/10/2022,"MEIKO ELECTRONICS VIETNAM CO., LTD.","MEIKO ELECTRONICS VIETNAM CO., LTD - PCB BUILDING, Lot CN9 Thach That Quoc Oai IZ, Thach That Dist., Ha Noi",VH,TDH,u,UW,0,,,,,,,,,,10006097,20018494,HNTTQOD4ME,10,2022,31/07/2022
VC - 221012 - 01,12/10/2022,TOYOTA TSUSHO ASIA PACIFIC PTELTD,"ICD TAN CANG - LONG BINH WAREHOUSE - No.14A/15, G243 Bui Van Hoa, KP 7, Long Binh, Bien Hoa, Dong Nai",VC,MCN,p,UW,,,,,,,,,,,10006004,20036331,DNBHICDLB1,10,2022,31/07/2022
VH - 221117 - 01,17/11/2022,LUCKY (VIETNAM) TOYS AND GIFTSCOMPANY LIMITED,"LUCKY (VIETNAM) TOYS AND GIFTS CO., LTD, Tieu Tra Quarter, Hung Dao Ward, Duong Kinh Dist, Hai Phong",VH,NTT,p,UW,13,2,,8,,3,,,,n,10002485,20009840,HPDKHDLUCK,,,30/06/2012
MS - 220726 - 01,26/07/2022,CONG TY TNHH JIA ZHI,"Cong ty TNHH JIA ZHI, Lot A4, Vi Thanh IZ, Dist 7, Vi Thanh, Hau Giang",MS,NTT,p,UW,,,,,,,,,,,10047435,20074529,HGVTIZJIZH,7,2022,27/06/2013
VC - 220406 - 01,06/04/2022,DAIWA LOGISTICS VIETNAM COMPANY LIMITED,"ICD TAN CANG - LONG BINH WAREHOUSE - No. 20, G243 Bui Van Hoa, KP 7, Long Binh, Bien Hoa, Dong Nai",VC,VKH,p,UW,,,,,,,,,,,10070908,20097322,DNBHICD-20,4,2022,14/06/2022
VH - 220818 - 02,18/08/2022,"KASHIYAMA VIETNAM CO., LTD","KASHIYAMA VIETNAM CO., LTD, Lot 44D, Quang Minh IZ, Chi Dong Town, Me Linh, Ha Noi",VH,TDH,u,UW,,,,,,,,,,,,,HNMLQMKASH,8,2022,17/06/2022
VH - 220509 - 01,09/05/2022,"ZAMIL STEEL BUILDINGS VIETNAMCO., LTD","ZAMIL STEEL BUILDINGS VIETNAM CO., LTD, Noi Bai Road 1, Noi Bai IZ, Quang Tien, Soc Son, Ha Noi",VH,NTT,p,UW,10,,,8,8,2,8,,,y,10000284,20000885,HNSSZAMIL,5,2022,23/06/2022
VC - 220628 - 01,28/06/2022,"SEIWA ELECTRIC (VIETNAM) CO.,LTD","SEIWA ELECTRIC (VIETNAM) CO., LTD, Lot 8, Road 18,Tan Thuan EPZ,Tan Thuan Dong,Dist 7, HCMC",VC,VKH,p,UW,,,,1,,1,,,,,10001725,20018777,SGD7TTDSEI,6,2022,23/06/2022
MS - 220414 - 01,14/04/2022,"WELLY INDUSTRIAL CO., LTD","Welly Industrial Co., Ltd, Road 25B, Nhon Trach No.2 IZ, Nhon Trach Dist, Dong Nai",MS,VKH,p,UW,,,,,,,,,,,10043858,20072497,DNNT2IZWEL,4,2022,25/06/2022
VC - 220330 - 01,30/03/2022,ACTIVE VIETNAM FACTORY COMPANYLIMITED,"Kizuna JV's Warehouse (S2 Warehouse), Lot K, Tan Kim IP,Tan Kim Commune, Can Giuo Dist, Long An",VC,VKH,p,UW,,,,,,,,,,,10107562,20096532,LACGTKKS2K,3,2022,30/06/2022
MN - 220401 - 01,01/04/2022,"ASTRO ENGINEERING VIET NAM CO., LTD","ASTRO ENGINEERING VIET NAM CO., LTD, Lot C, Road No.1, Dong An IZ, Binh Hoa, Thuan An, Binh Duong",MN,VKH,u,UW,,,,,,,,,,,10000750,20039122,BDTADAIZ1C,4,2022,30/06/2022
VC - 220506 - 01,06/05/2022,"TOSHIBA INDUSTRIAL PRODUCTS ASIA CO.,LTD","TOSHIBA INDUSTRIAL PRODUCTS ASIA CO.,LTD, No,309, Road 9, Amata IP,Long Binh, Bien Hoa, Dong Nai",VC,VKH,p,UW,,,,,,,,,,,10000163,20001887,DNBHLBTOSH,5,2022,30/06/2022
VC - 220510 - 01,10/05/2022,"PEGASUS SHIMAMOTO AUTO PARTS (VIETNAM) CO., LTD.","PEGASUS SHIMAMOTO AUTO PARTS CO.,LTD, Long Duc IP, Long Duc Ward, Long Thanh, Dong Nai",VC,VKH,p,UW,,,,,,,,,,,10003743,20014551,DNLTLDIPPE,5,2022,30/06/2022
VH - 220517 - 02,17/05/2022,"YAMAHA MOTOR PARTS MANUFACTURING VIETNAM CO.,LTD","Yamaha Motor Parts Manufacturing Vietnam Co.,Ltd, G1 Thang Long IP, Dong Anh, Ha Noi",VH,TDH,p,UW,1,,,,,1,1,,,y,10000119,20001162,HNDATLIPG1,5,2022,30/06/2022
VC - 220623 - 01,23/06/2022,"RINNAI VIETNAM CO.,LTD","RINNAI VIETNAM CO.,LTD, Road 2, Dong An IP, Thuan An town, Binh Duong province",VC,NNH,p,RM,1,,,,,1,,,,n,,,,6,2022,30/06/2022
MN - 220719 - 01,19/07/2022,SUN MAX VIETNAM COMPANY LIMITED,"Lot CN03,CN04, Tan Lien IZ, Vinh Bao, Hai Phong, Vietnam",MN,NTT,u,UW,15,,,10,,5,,,,n,,,,7,2022,30/06/2022
VH - 220805 - 01,05/08/2022,"SUMI-HANEL WIRING SYSTEMS CO.,LTD","SUMI HANEL WIRING SYSTEMS CO.,LTD, Sai Dong B IZ, Thach Ban, Long Bien, Ha Noi",VH,INT,p,RM,,,,,,,,,,,,,HNLBTBSUMI,8,2022,30/06/2022
VH - 220920 - 02,20/09/2022,"VIETNAM MIE CO., LTD","VIETNAM MIE CO., LTD, Road A5, Pho Noi A IZ, Dinh Du, Van Lam, Hung Yen",VH,NTT,p,UW,10,,,6,,2,,2,,n,10001957,20023555,HYVLPNARA5,9,2022,30/06/2022
VC - 220920 - 01,20/09/2022,"PANASONIC LIFE SOLUTIONS VIETNAM CO., LTD","PANASONIC ECO SOLUTIONS VIETNAM, So 1 VSIP 2 A, Duong so 12, Tan Uyen, Binh Duong",VC,INT,u,RM,,,,,,,,,,,,,BDTUVSII12,9,2022,30/06/2022
VC - 220223 - 01,23/02/2022,NITORI FURNITURE VIETNAM EPE-BA RIA-VUNG TAU BRANCH,"NITORI FURNITURE BARIA-VUNG TAU - PHASE 1 PROJECT, Lot G. Phu My 3 IP, Phuoc Hoa, Tan Thanh, Ba Ria Vung Tau",VC,VKH,p,UW,4,,,2,2,2,2,,,y,10014823,20036079,BRVTPM3IPG,2,2022,09/05/2010
MS - 220511 - 01,11/05/2022,"RICHES HIGH-TECH WRAPPER (VN)CO., LTD","RICHES HIGH - TECH WRAPER (VN) CO., LTD, No.104, Lot A, AMATA IP, Bien Hoa City, Dong Nai",MS,VKH,p,UW,,,,,,,,,,,10001049,20004179,DNBHAMIPRI,5,2022,02/05/2015
VC - 220921,21/09/2022,DDK VIETNAM LTD,"DDK VIETNAM LTD, No. 20, Dan Chu Street, VSIP 2, Ben Cat District, Binh Duong",VC,NNH,p,RM,0,,,,,,,,,,10000417,20001294,BDBCVSIPDK,9,2022,31/05/2020
MS - 221026,26/10/2022,"GREAT EASTERN RESINS INDUSTRIAL (VN) CO., LTD","Great Eastern Resins Industrial (VN) Co., Ltd, No. 8, Road 17, Song Than 2 IP, Di An, Binh Duong",MS,MCN,p,UW,8,,,2,2,5,5,1,1,y,10001192,20004965,BDDASTGREA,10,2022,01/05/2022
VH - 220413 - 01,13/04/2022,"SAKURAI VIETNAM CO., LTD.","SAKURAI VIETNAM CO. LTD-Factories 4, 5, 6, 7, 8, 9, Plot F2, Zone F, Le Mon IP, Thanh Hoa, Thanh Hoa",VH,NTT,p,UW,12,,,8,,3,,1,,n,10000231,20000597,THTHLMIP67,4,2022,14/05/2022
VH - 221109 - 01,09/11/2022,CONG TY TNHH CO KHI RK,"RK ENGINEERING CO., LTD, Land plot CN3.2K,Dinh Vu IZ,Hai An Dist.,, Hai Phong",VH,NTT,p,UW,10,,,5,,5,,,,n,10001712,20007440,HPHADVIZRK,11,2022,14/05/2022
VH - 220530 - 02,30/05/2022,"SAKURA PAINT VIETNAM CO., LTD","SAKURA PAINT VIETNAM CO., LTD, Plot I4-2, Que Vo IZ, Que Vo, Bac Ninh",VH,TDH,p,RM,6,,,3,2,,,3,1,n,10001751,20009151,BNQVIPSAKU,5,2022,16/05/2022
MS - 221027,27/10/2022,"NAN PAO RESINS VIETNAM CO., LTD","No. 10, Dai Lo Thong Nhat, Song Than 2 IP, Di An, Binh Duong, Viet Nam",MS,NNH,n,UW,0,,,,,,,,,,,,,,,20/05/2022
MS-221103,03/11/2022,"YEI JER (VN) INDUSTRIAL CO., LTD","YEI JER (VN) INDUSTRIAL CO., LTD, Khu Pho My Hiep, Thi Tran Thai Hoa, Tan Uyen,, Binh Duong",MS,MCN,p,UW,3,,,,,1,,2,,,10000809,20032136,BDTUTHYEIJ,,,20/05/2022
VC - 220715,15/07/2022,ASTI ELECTRONICS CORPORATION,"ASTI ELECTRONICS CORPORATION, B2-55,56 Road 1, Tan Dong Hiep B, Di An, Binh Duong",VC,NNH,p,RM,1,,,,,1,1,,,y,10000262,20002393,BDDAB25556,7,2022,30/05/2022
MS - 220318 - 01,18/03/2022,"CONG TY SHIH FA RUBBER INDUSTRIES (VN) CO., LTD","SHIH FA RUBBER INDUSTRIES CO., LTD, Bau Tran Hamlet, Nhuan Duc Commune, Cu Chi Dist, HCMC",MS,VKH,p,UW,,,,,,,,,,,10000744,20002613,SGCCNDSHIH,3,2022,31/05/2022
VC - 220825 - 01,25/08/2022,"MURATA MANUFACTURING VIETNAM DA NANG CO., LTD.","VIETHOA ELECTRONIC CO., LTD, Lot A1, Hoa Khanh IZ, Lien Chieu District, Da Nang",VC,TDH,p,UW,3,,,2,,1,,,,n,,,DNLCHKIZA1,8,2022,31/05/2022
VH - 220920 - 01,20/09/2022,NISSEI TECHNOLOGY (VIETNAM) LTD.,"NISSEI TECHNOLOGY(VIETNAM)LTD- Location 1, Phuc Dien IZ, Cam Giang, Hai Duong",VH,TDH,p,UW,5,,,1,1,3,2,1,1,n,,,HDCGPDNISS,9,2022,05/04/2016
VH - 220512 - 01,12/05/2022,BX SHINSEI VIETNAM COMPANY LIMITED,"TENTAC (HA NOI) CO.,LTD, Road 206, Section( Lot) E, Pho Noi A IP, Van Lam, Hung Yen",VH,TDH,u,UW,1,,,1,1,,,,,y,10066920,20091116,HYVLPNE206,5,2022,02/04/2022
VC - 220214 - 01,14/02/2022,TOYOTA HIROSHIMA TAN CANG-HT,"TOYOTA HIROSHIMA TAN CANG- HT, 220 Bis Dien Bien Phu Street, Ward 22, Binh Thanh, HCMC",VC,VKH,p,UW,,,,,,,,,,,10001144,20049558,SGBTDBP220,2,2022,09/04/2022
VC - 220512 - 02,12/05/2022,"TOYOTA OKAYAMA DA NANG CO., LTD.","TOYOTA OKAYAMA DA NANG CO.,LTD, No.9, Pham Hung Street, Hoa Xuan Ward, Cam Le Dist, Da Nang",VC,NTT,p,UW,,,,,,,,,,,10018529,20068938,DNCLHXPH09,5,2022,12/04/2022
VH - 220818 - 01,18/08/2022,"BAC GIANG MATSUOKA CO.,LTD","BAC GIANG MATSUOKA, The third factory, C6, C7 Dinh Tram IZ, Viet Yen, Bac Giang",VH,NTT,p,UW,14,,,9,,3,,2,,n,10002127,20013296,BGVYDTC6C7,8,2022,12/04/2022
VC - 220602,02/06/2022,ZEN PLAZA COMPANY LTD.,"ZEN PLAZA BUILDING, 54 - 56 Nguyen Trai Street, District 1, HCMC",VC,NNH,p,RM,0,,,,,,,,,,10000386,20019236,SGD1ZENPLA,6,2022,13/04/2022
MS - 220328 - 01,28/03/2022,"	CAO TUONG INDUSTRIAL CO., LTD","Lot D3, Nam Dong Phu IP, Tan Lap Village, Dong Phu Dist., Binh Phuoc Province, Vietnam",MS,VKH,n,UW,2,,,1,,1,,,,n,,,,3,2022,18/04/2022
VH - 220513 - 01,13/05/2022,NITORI FURNITURE VIETNAM EPE,"NITORI FURNITURE VIETNAM EPE, Lot 35, Quang Minh IP, Me Linh dist., Ha Noi",VH,TDH,p,UW,6,1,1,2,2,2,1,1,1,n,10003667,20012803,HNMLQM35NI,5,2022,18/04/2022
VH - 220526 - 02,26/05/2022,"ISHIGAKI VIETNAM CO.,LTD","ISHIGAKI VIETNAM CO.,LTD, Dong Van 2 IP, Duy Tien district, Ha Nam",VH,TDH,p,UW,3,1,1,1,1,1,1,,,y,10003742,20036414,HNDTDV2ISH,5,2022,21/04/2022
VC - 221115,15/11/2022,MTI VIETNAM CORPORATION,"MTI VIETNAM CORPORATION, 35 VSIP Road 8, VSIP, Thuan An, Binh Duong",VC,MCN,p,UW,2,,,,,2,,,,,10000120,20026002,BDTAVSMTIV,11,2022,22/04/2022
VC - 220909,09/09/2022,"TOSHIBA VIETNAM CONSUMER PRODUCTS CO., LTD","TOSHIBA VIETNAM CONSUMER PRODUCTS CO., LTD, Xa Tan Dinh, Huyen Ben Cat, Binh Duong",VC,MCN,p,UW,4,,,,,4,4,,,y,10000084,20003053,BDBCTDTOCO,9,2022,24/04/2022
VC - 220512 - 01,12/05/2022,"TOKYO KEIKI PRECISION TECHNOLOGY CO., LTD","TOKYO KEIKI PRECISION TECHNOLOGY CO., LTD, Lot A15,Central Road No.5,Hi-techpark,Hoa Vang, Da Nang",VC,NTT,p,UW,9,,,4,,5,,,,n,10002959,20020103,DNHVHTR5TK,5,2022,29/04/2022
VH - 220804 - 01,04/08/2022,RICHELL U KWONG PLASTICS VIETNAM CO.LTD,"RICHELL U KWONG PLASTICS VIET NAM, CN-02-06, CN-02-07, Van Trung IP, Viet Yen, Bac Giang",VH,NTT,p,UW,9,,,7,,2,,,,n,10048732,20075943,BGVYVTCN02,8,2022,31/03/2010
VH - 221116 - 02,16/11/2022,"SUMIRIKO VIETNAM CO.,LTD.","SUMIRIKO VIETNAM, Lot B10-11, Thang Long Vinh Phuc IP, Binh Xuyen, Vinh Phuc",VH,TDH,u,UW,4,,,3,,1,,,,,10122277,20100786,VPBXTLVP10,,,31/03/2010
VC - 220211 - 01,11/02/2022,"TECHNO EXCEL VIETNAM CO.,LTD","TECHNO EXCEL VIETNAM CO.,LTD, No 5 VSIP 2 A, Street 19, VSIP 2 A, Tan Uyen, Binh Duong",VC,VKH,u,UW,2,,,,,2,,,,n,10002304,20010325,BDTUVSIPTE,2,2022,08/03/2012
VC - 221111,11/11/2022,"KOYO SANGYO VIETNAM CO.,LTD","KOYO SANGYO VIETNAM CO.,LTD, Lot B 3B10 CN,My Phuoc 3 IP, Ben Cat District, Binh Duong",VC,NNH,p,UW,4,,,,,4,,,,,10002029,20008377,BDBCMPIP3K,,,29/03/2015
MS - 220601 - 01,01/06/2022,VIETNAM ZHENGXING TECHNOLOGY COMPANY LIMITED,"Zhengxing Viet Nam Co., Ltd, Lot A1/1, duong so 2, Nam Dong Phu IP, Dong Phu, Binh Phuoc",MS,NTT,u,UW,10,,,5,,4,,1,,n,10045812,20073051,BPNDPZHEXI,6,2022,14/03/2016
VC - 220601 - 01,01/06/2022,"MUTO VIETNAM CO., LTD","MUTO VIETNAM CO., LTD, Lot C-7-1, Road 2, Long Binh IP, Bien Hoa, Dong Nai",VC,NTT,p,UW,7,,,6,,1,,,,n,10000081,20025794,DNBHLBMUTO,6,2022,14/03/2016
VH - 220617 - 02,17/06/2022,"VIETNAM KYODO SEIHAN PRINTINGCO., LTD","Naxis Vietnam Co., Ltd - Hanam Branch, Road N2, Section A, Hoa Mac IP, Duy Tien, Ha Nam",VH,TDH,p,UW,6,1,,3,,2,,,,n,10012513,20031530,HNDTHMSAN2,6,2022,31/03/2018
VH - 220630 - 01,30/06/2022,"NISSIN MANUFACTURING VIETNAM CO., LTD.","NISSIN MANUFACTURING VIETNAM CO., LTD, Luong Son IP, Hoa Son, Luong Son, Hoa Binh",VH,TDH,p,UW,1,,,1,1,,,,,y,10003733,20012957,HBLSHSNISS,6,2022,22/03/2021
MS - 220815,15/08/2022,"SOLETECH CO., LTD","SOLETECH CO., LTD Lot CN4-2, Tran Quoc Toan IP, Ward 11, Cao Lanh City, Dong Thap Province,
Vietnam.",MS,MCN,n,UW,,,,,,,,,,,,,,8,2022,14/03/2022
MS - 221101,01/11/2022,GREENTECH HEADGEAR COMPANY LIMITED,"GREENTECH HEADGEAR COMPANY LIMITED, Road D02, Chau Duc IZ, Nghia Thanh, Chau Duc Dist, Ba Ria Vung Tau",MS,NNH,p,UW,4,,,1,1,3,1,,,,10022048,20063134,BRVTCDIZD2,,,15/03/2022
VC - 220701,01/07/2022,SUMITOMO CORPORATION ASIA & OCEANIA PTE LTD,"SUMITOMO CORPORATION VIETNAM LLC, VIETUBES CORPORATION,Dong Xuyen IZ, Rach Dua Ward, Ba Ria Vung Tau",VC,NNH,p,RM,0,,,,,,,,,,10000738,20089882,VTRDDXSUMI,7,2022,25/03/2022
VH - 220520 - 01,20/05/2022,"TOYOTA INDUSTRIAL EQUIPMENT VIETNAM CO., LTD","Toyota Industrial Equipment Vietnam Co., Ltd, Lot A-1, A-2,Thang Long 2 IP, Yen My District,, Hung Yen",VH,TDH,p,UW,3,,,3,3,,,,,y,10001825,20007961,HYYMTLIPTO,5,2022,30/03/2022
MS - 220215 - 01,15/02/2022,"DAH SHENG (VN) INTERNATIONAL CO., LTD","Dah Sheng (VN) International Co., Ltd, 2240 Quoc Lo 1A, Village Tan Chanh Hiep, Dist 12, HCMC",MS,VKH,p,UW,3,,,1,,2,,,,n,10000647,20095715,SGD12TCH1A,2,2022,31/03/2022
MN - 220506 - 01,06/05/2022,VINAMODE INTERNATIONAL JOINT STOCK COMPANY,"VINAMODE INTERNATIONAL CO.,LTD, Lot D2, Trang Due IZ, An Duong, Hai Phong",MN,TDH,u,UW,,,,,,,,,,,10001051,20028888,HPADTDIZD2,5,2022,31/03/2022
VH - 220518 - 02,18/05/2022,NIDEC SANKYO VIETNAM (HANOI) CORPORATION,"NIDEC SANKYO VIETNAM (HANOI) CORPORATION, Lot 37, Quang Minh IZ, Me Linh, Ha Noi",VH,TDH,p,UW,2,,,,,1,1,1,1,y,10001145,20046845,HNMLQMNIDE,5,2022,31/03/2022
VH - 220824 - 01,24/08/2022,INOUE RUBBER VIETNAM CO. LTD,"INOUE RUBBER VIETNAM CO. LTD, Thanh Lam Commune, Melinh District,, Ha Noi",VH,INT,p,UW,,,,,,,,,,,10000685,20019385,HNMLTLINOU,8,2022,31/03/2022
VC - 221005,05/10/2022,TOYOTA TSUSHO FASHION EXPRESSVIETNAM COMPANY LIMITED,"TOYOTA TSUSHO FASHION EXPRESS VIETNAM Co., Ltd, B_3B4_CN, My Phuoc 3 IZ, Thoi Hoa Ward, Ben Catwn, Binh Duong",VC,MCN,P,UW,3,,,,,2,,1,,,10021972,20048389,BDBCMPTOYO,10,2022,31/03/2022
VC - 221021 - 01,21/10/2022,"VIETNAM TNT FIBERS CO., LTD.","VIETNAM TNT FIBERS CO., LTD., 743 Street, An Phu Village, Thuan An District, Binh Duong",VC,NNH,p,UW,0,,,,,,,,,,10000161,20002479,BDTAAPTNTF,,,31/03/2022
VH - 220922 - 01,22/09/2022,THE BRANCH OF MITSUI & CO. VIETNAM LTD. IN HANOI,"PVTEX VIETNAM JSC warehouse, CN5.5A, Dinh Vu IP, Dong Hai 2 ward, Hai An dist, Hai Phong",VH,NTT,p,UW,4,,,3,,1,,,,n,10000067,20076181,HPDVIPPVTE,9,2022,28/02/2010
MS -220128 - 01,28/01/2022,"WINNER (Vietnam) Shoe Material Co., Ltd.","Hoang Quy, Hoang Hoa, Thanh Hoa",MS,TDH,n,UW,4,3,3,1,1,,,,,y,,,,1,2022,03/02/2017
VC - 220603 - 01,03/06/2022,MARUICHI SUN STEEL (HANOI) COMPANY LIMITED,"MARUICHI SUN STEEL JOINT STOCK COMPANY, Binh Xuyen IZ, Binh Xuyen District, Vinh Phuc",VC,TDH,p,UW,3,,,1,,2,,,,n,10000910,20022815,VPBXMARUSS,6,2022,28/02/2021
VC = 220921 - 01,21/09/2022,"PANASONIC LIFE SOLUTIONS VIETNAM CO., LTD","PANASONIC LIFE SOLUTIONS VIETNAM, No 33, Road no 32, VSIP II - A, Tan Uyen, Binh Duong",VC,INT,u,RM,,,,,,,,,,,,,BDTUVS3233,9,2022,07/02/2022
VC - 220609 - 02,09/06/2022,URC VIETNAM CO. LTD.,"URC VIETNAM CO. LTD, No. 22 VSIP 2 A, Street 29, Tan Uyen, Binh Duong",VC,VKH,p,UW,,,,,,,,,,,10002491,20009860,BDTUVSIP22,6,2022,08/02/2022
VH - 220317 - 01,17/03/2022,"YAMATO RUBBER VIETNAM CO., LTD.","IDE International  Co., Ltd, Plot D-E-F-GH, B2 St, B Sec, Pho Noi A IP, Van Lam, Hung Yen",VH,TDH,p,UW,2,,,1,1,,,1,1,y,10002546,20015471,HYVLPNAIDE,3,2022,14/02/2022
VC - 220711,11/07/2022,ANABUKI NL HOUSING SERVICE,"ANABUKI NL HOUSING SERVICE, 77 Vo Van Kiet St, An Lac Ward, District  Binh Tan, HCMC",MS,NNH,u,RM,0,,,,,,,,,,,,,7,2022,18/02/2022
VH - 220527 - 01,27/05/2022,"CS PLASTICS VIETNAM CO., LTD","CS Plastic Vietnam, Dong Van 2 IP, Duy Tien, Ha Nam",VH,NTT,p,UW,5,,,2,,3,,,,n,10009814,20026365,HNDTDV2CSP,5,2022,26/02/2022
VC - 220719,19/07/2022,"ZAMIL STEEL BUILDINGS VIETNAMCO., LTD","ZAMIL STEEL BUILDINGS VIETNAM CO., LTD, 214-216 Amata Road, Amata IP, Bien Hoa city, Dong Nai",VH,NNH,p,RM,2,,,,,2,,,,n,10000284,20000885,DNBHAMA214,7,2022,27/02/2022
VC - 220809 - 01,09/08/2022,"SUMIDEN DEVICE INNOVATIONS VIETNAM CO., LTD.","SUMIDEN DEVICE INNOVATIONS VIETNAM CO., LTD., Lot 105/5, Road No 5, Amata IP, Bien Hoa City, Dong Nai",VC,INT,p,RM,,,,,,,,,,,,,DNBHAMATSU,8,2022,28/02/2022
VH - 221012 ,12/10/2022,"MITSUI & CO. COFFEE TRADING (USA), INC.","ICD TAN CANG - LONG BINH WAREHOUSE - No.7/8, G243 Bui Van Hoa, KP 7, Long Binh, Bien Hoa, Dong Nai",VH,MCN,p,UW,1,,,,,,,1,,,10043478,20076713,DNBHICDLB1,10,2022,28/02/2022
VC - 220818,18/08/2022,NANSHIN SEIKI (VIETNAM) COMPANY LIMITED,"NANSHIN SEIKI (VIETNAM) COMPANY LIMITED, Lot B-1E-CN, My Phuoc 3 IZ, Ben Cat District, Binh Duong",VC,NNH,p,RM,0,,,,,,,,,,10004399,20016555,BDBCMP3L1E,8,2022,27/01/2010
VH - 220907 - 01,07/09/2022,"SUMIDENSO VIETNAM CO., LTD (SDVN)","SUMIDENSO VIETNAM CO.,LTD, Lot XN 13,14,15 & Lot XN 03-04, Dai An IZ, Hai Duong",VH,INT,u,RM,,,,,,,,,,,,,HDHDDASUMI,9,2022,04/01/2012
VH - 220720 - 02,20/07/2022,VS INDUSTRY VIETNAM JOINT STOCK COMPANY AND/OR,"VS Industry Vietnam Joint Stock Company, Lot C1 & C2, Que Vo IP, Phuong Lieu, Que Vo, Bac Ninh",VH,TDH,P,UW,7,,,5,,2,,,,n,,,BNQVPLVSIN,7,2022,14/01/2012
VH - 220726 - 01,26/07/2022,"SEWS-COMPONENTS VIETNAM CO.,LTD","Factory building of SEWS - Components Vietnam, Plot No.D2&D3, Thang Long 2 IP, Yen My, Hung Yen",VH,INT,p,UW,,,,,,,,,,,,,HYYMTLSEWS,7,2022,14/01/2014
VH - 221202 - 02,02/12/2022,"MEDIKIT VIETNAM CO., LTD","MEDIKIT VIETNAM CO., LTD, Land Plots D1-D2, Nomura IZ, An Duong, Hai Phong",VH,TDH,u,RM,9,2,,1,,5,,1,,n,,,,,,22/01/2014
VC - 220331 - 01,31/03/2022,"TAIYO BRUSH VIETNAM CO., LTD.","TAIYO BRUSH VIETNAM CO., LTD., Rental factory D-4,Long Duc IP,Long Duc,Long Thanh, Dong Nai",VC,VKH,p,UW,,,,,,,,,,,10003791,20013116,DNLTLDIPTA,3,2022,31/01/2016
MS - 220728 - 01,28/07/2022,CONG TY TNHH TY XUAN,"Cong ty TNHH Ty Xuan - Factory A, Hoa Phu IZ, Long Ho, Vinh Long",MS,NTT,P,UW,,,,,,,,,,,10000528,20013426,VLLHHPTYXU,7,2022,30/01/2019
MN - 220930 - 01,30/09/2022,"Hi-P Vietnam Technology Co., Ltd.","Lot C1, Nam Son – Hap Linh Industrial Zone, Nam Son, Bac Ninh City (Lac Ve, Tien Du), Bac Ninh Province",MN,TDH,n,UW,0,,,,,,,,,,,,,9,2022,09/01/2022
VH - 220603 - 01,03/06/2022,"TOYOTA TSUSHO CORPORATION CO.,LTD","AKIRA BONDED WAREHOUSE, Hung Vuong Industrial Cluster Phuc Thang, Phuc Yen, Vinh Phuc",VH,TDH,u,UW,,,,,,,,,,,10041252,20085756,VPPYHVAKIR,6,2022,11/01/2022
VC - 220729 - 01,29/07/2022,"BROTHER INDUSTRIES SAIGON, LTD.","BROTHER INDUSTRIES SAIGON LTD., Plot 301 - Street 7A, Amata IZ, Bien Hoa, Dong Nai",VC,NTT,p,UW,8,,,2,,6,,,,n,10001329,20031851,DNBHA7A301,7,2022,13/01/2022
MS - 221019 - 01,19/10/2022,CONG TY TNHH LEEDA VIET NAM,"LEEDA VIETNAM CO., LTD, B7-B9-CN,B7-B10-CN,B7-11-CN, Bau Bang IZ, Bau Bang, Binh Duong",MS,MCN,p,UW,7,,,2,,4,,1,,,10021198,20047414,BDBBBBLEED,10,2022,14/01/2022
VH - 220617 - 01,17/06/2022,VIETNAM BYRON HOLDINGS LIMITED,"VIETNAM BYRON HOLDINGS LIMITED, N2 Str., Block C, Hoa Mac IZ, Duy Tien, Ha Nam",VH,TDH,p,UW,8,1,1,3,3,4,4,,,y,10008100,20022759,HNDTHMN2BC,6,2022,19/01/2022
VC - 221004,04/10/2022,"HIEP PHAT CO., LTD","HIEP PHAT CO., LTD, B3-B22 Road 9, Le Minh Xuan IP, Binh Chanh Dist, HCMC",VC,NNH,p,UW,0,,,,,,,,,,10000052,20018765,SGBCLMXB22,10,2022,22/01/2022
VH - 221201 - 01,01/12/2022,SEI OPTIFRONTIER VIETNAM LTD,"SEI OPTIFRONTIER VIETNAM CO., LTD, Lot B-3, Thang Long Vinh Phuc IZ, Binh Xuyen, Vinh Phuc",VH,TDH,u,UW,,,,,,,,,,,,,,,,24/01/2022
VH - 220923 - 02,23/09/2022,"SURTECKARIYA VIETNAM CO., LTD.","SURTECKARIYA VIETNAM CO., LTD, Lot E2, E3 Dinh Tram IZ, Viet Yen, Bac Giang",VH,TDH,p,RM,5,,,3,,2,,,,n,,,BGVYDTE2E3,9,2022,28/01/2022
VC - 220922,22/09/2022,"SAKURA COLOR PRODUCTS OF VIETNAM CO., LTD.","SAKURA COLOR PRODUCTS OF VIETNAM CO.,LTD, NO.9 VSIP 2-A STR.12, VSIP 2A, VINH TAN, TAN UYEN, BINH DUONG",VC,NNH,p,RM,4,,,,,4,,,,n,10015045,20036402,BDTUVS12N9,9,2022,30/01/2022
VC - 221012,12/10/2022,Fujikura.Ltd,"DRAGON LOGISTICS CO., LTD - DONG NAI BRANCH, No 10, Phan Dang Luu, Q7, Bien Hoa, Dong Nai",VC,NNH,p,UW,0,,,,,,,,,,10047651,20097154,DNBHPDL10,10,2022,30/01/2022
MS - 220215 - 02,15/02/2022,"BEST SOUTH ENTERPRISE CO., LTD","BEST SOUTH ENTERPRISE CO., LTD, 11 Road 2, Song Than 1 IZ, Di An, Binh Duong",MS,VKH,p,UW,,,,,,,,,,,10000848,20003137,BDDASTBEST,2,2022,31/01/2022
VC - 220614 - 02,14/06/2022,"URC HANOI CO.,LTD","URC HANOI CO.,LTD, Lot CN 2.2, Thach That IP - Quoc Oai, Ha Noi",VC,TDH,p,UW,3,,,1,,2,,,,n,10002494,20009863,HNQOTTURC,6,2022,31/01/2022
VH - 221007 - 01,07/10/2022,HUNG YEN BRANCH-DAIKIN AIR CONDITIONING (VIETNAM) JSC,"DAIKIN AIR CONDITIONING (VIETNAM) JOINT STOCK, Plot Q1, Thang Long 2 IP, Phung Chi Kien, My Hao, Hung Yen",VH,TDH,p,UW,3,,,1,,2,,,,n,10016609,20038575,HYMHMDDAIK,10,2022,31/01/2022
